"last_name, first_name","player_id","year","pa","k_percent","bb_percent","p_era","woba","xwoba","in_zone_percent","whiff_percent","swing_percent","pitch_hand","n","arm_angle","n_fastball_formatted","fastball_avg_speed","fastball_avg_spin","fastball_avg_break","n_breaking_formatted","breaking_avg_spin","breaking_avg_break","n_offspeed_formatted","offspeed_avg_spin","offspeed_avg_break"
"Wainwright, Adam","425794","2023","484",11.4,8.5,"7.40",".414",".401",48.4,13.1,41.3,"R","1785",45.5,"64","85.3","2221","14.4","31","2645","21.5","5","1655","16.9"
"Greinke, Zack","425844","2023","593",16.4,3.9,"5.06",".332",".343",49,17.3,46.8,"R","2219",43.8,"49.3","89","2262","15.7","34.1","2441","14.9","16.5","1755","14.1"
"Verlander, Justin","434378","2023","669",21.5,6.7,"3.22",".284",".295",50.7,22.5,49.6,"R","2602",55.2,"50","94.3","2428","20.5","45.3","2602","10.3","4.7","1824","18"
"Kluber, Corey","446372","2023","257",16.3,8.2,"7.04",".407",".376",47.8,20.9,48.9,"R","990",31.4,"56","87.2","2345","13.5","28.2","2557","16.2","15.9","1722","15.3"
"Hill, Rich","448179","2023","660",19.5,8.8,"5.41",".359",".360",52.5,19.3,45.4,"L","2531",37,"52.9","86.8","2230","15.5","44.9","2590","20.9","2.3","1644","14"
"Morton, Charlie","450203","2023","716",25.6,11.6,"3.64",".318",".330",45.2,32.2,42.9,"R","2842",20.2,"46.5","93.8","2313","15.8","43.2","3088","15.9","10.3","2131","17.3"
"Bard, Daniel","453268","2023","232",20.3,21.1,"4.56",".345",".371",48.9,21.7,40,"R","933",31.6,"51.1","94.8","2494","13.8","48.7","2660","7.6","0.2","2242","12.2"
"Scherzer, Max","453286","2023","621",28,7.2,"3.77",".298",".281",50.9,28.6,51,"R","2465",28.8,"56.7","92.8","2367","17.2","29.2","2477","10","14.1","1365","14.9"
"Cueto, Johnny","456501","2023","218",17.9,6.9,"6.02",".362",".345",47.9,19.3,52.4,"R","860",33.8,"56.5","92","2182","19.4","24.2","2245","8.7","19.3","1391","13"
"Lynn, Lance","458681","2023","808",23.6,8.3,"5.73",".347",".337",47.6,28.8,50.1,"R","3167",32.5,"79.1","91.2","2441","12","14","2487","10.2","6.9","1803","15.6"
"Carrasco, Carlos","471911","2023","417",15.8,9.1,"6.80",".390",".388",45.3,24.7,46.9,"R","1587",34.8,"42.6","92.4","2185","14.2","27.5","2551","6.8","29.9","1367","8.7"
"García, Luis","472610","2023","267",19.9,9,"4.07",".313",".311",47.2,25.4,47.5,"R","1010",46,"57.3","97.2","2175","17.3","34.6","2519","14","8.1","1261","12.5"
"Kershaw, Clayton","477132","2023","523",26.2,7.6,"2.46",".280",".300",48.7,28.1,49.6,"L","2025",59.1,"37.1","90.7","2324","18.3","60.9","2423","11.2","2","1737","18.7"
"Miley, Wade","489119","2023","490",16.1,7.8,"3.14",".293",".320",48.3,19.1,45.1,"L","1873",50.3,"68.3","88.3","2202","11.6","7.1","2384","13","24.6","1812","17.3"
"Yates, Kirby","489446","2023","254",31.5,14.6,"3.28",".282",".326",44.1,30.8,45.5,"R","1056",20.9,"53.9","93.6","2314","19.4","1.5","2474","14.5","44.6","1338","12.9"
"Ottavino, Adam","493603","2023","261",23.8,11.1,"3.21",".294",".291",47.4,26.1,41.9,"R","1024",22.8,"58.3","91.4","2372","15","27.8","2675","17.1","13.9","1780","13.3"
"Quintana, Jose","500779","2023","319",18.8,7.5,"3.57",".297",".327",43.1,21.6,45.5,"L","1229",45.8,"56.6","90.3","2083","17.8","25.3","2257","11.4","18.1","1319","15"
"Gibson, Kyle","502043","2023","807",19.5,6.8,"4.73",".326",".335",46.6,25.4,45.6,"R","3038",43.8,"56.1","91.3","2220","15.2","26.9","2455","10.8","17","1679","14.7"
"Robertson, David","502085","2023","269",29,9.3,"3.03",".289",".280",48.6,31.2,45,"R","1068",42.4,"53.5","93.3","2665","16.6","45.1","2740","11.9","1.4","2170","16"
"Cobb, Alex","502171","2023","646",20.3,5.7,"3.87",".325",".333",46.8,21.7,44.9,"R","2506",40.8,"39.9","94.5","2085","17.6","21.3","2658","14.5","38.7","1565","13.6"
"Anderson, Chase","502624","2023","372",17.2,8.9,"5.42",".355",".340",47.1,21.6,46.2,"R","1447",45.8,"64.8","91.5","2281","12.8","12.2","2318","14.8","22.9","2297","19.3"
"Darvish, Yu","506433","2023","573",24.6,7.3,"4.56",".321",".302",51.7,25.1,46.4,"R","2217",40.1,"44.3","93.8","2388","16.6","47.9","2787","13.5","7.8","1441","9"
"Alexander Jr., Scott","518397","2023","208",14.9,5.3,"4.66",".299",".294",53.2,20.2,52.9,"L","694",37.4,"75.6","92.8","2225","14.4","16","2532","5.8","8.4","1530","11.7"
"Brasier, Ryan","518489","2023","239",23.4,8.4,"3.02",".248",".292",49.9,25.1,51.2,"R","902",42,"64.6","95","2305","17","35.4","2487","6.3",,,
"Cruz, Fernando","518585","2023","279",35.1,10,"4.91",".290",".288",45.2,34.5,48.9,"R","1120",43.4,"59.6","91.7","2303","15","4.6","2550","7.2","35.9","873","7.7"
"Diekman, Jake","518617","2023","243",26.3,15.6,"3.34",".271",".285",50.6,26.4,41.1,"L","996",20.2,"67.5","95","2232","19.7","17.9","2852","13.2","14.7","1622","17"
"Kelly, Merrill","518876","2023","721",25.9,9.4,"3.29",".294",".313",45.5,27,49.1,"R","2803",26.9,"60.4","91.8","2318","15.4","16.5","2486","10.5","23.1","2138","15.9"
"Kimbrel, Craig","518886","2023","278",33.8,10.1,"3.26",".269",".281",52.9,33.1,47.3,"R","1122",25,"67.2","95.8","2357","18.6","32.8","2604","13.7",,,
"Moore, Matt","519043","2023","218",27.5,6.9,"2.56",".296",".281",49.3,28.2,53.1,"L","831",44.6,"48","94","2323","20.1","20.7","2347","9.7","31.3","2017","18.8"
"Pressly, Ryan","519151","2023","268",27.6,6,"3.58",".269",".294",48,31.4,50.7,"R","1024",59.4,"24.5","94.7","2559","17.7","66.6","2957","11.4","8.9","2012","14.1"
"Sale, Chris","519242","2023","425",29.4,6.8,"4.30",".306",".295",48.4,29.7,48.1,"L","1670",13.2,"49.3","93.8","2186","18.6","37.5","2241","12.3","13.1","1992","18.9"
"Smith, Will","519293","2023","226",24.3,7.5,"4.40",".262",".284",47.4,28.9,50.5,"L","863",44.9,"38.9","92.4","2204","18.5","58.2","2284","8.7","2.9","1912","19.5"
"Pérez, Martín","527048","2023","608",15.3,8.1,"4.45",".335",".337",46.8,17.5,45.3,"L","2223",44.9,"68.9","90.9","2036","17.2","4.7","2415","6.7","26.5","1680","17.1"
"Teheran, Julio","527054","2023","288",17.4,4.5,"4.40",".324",".339",50.2,20.6,48.1,"R","1080",22.6,"76.8","88.5","2216","14.3","11.5","2632","9.8","11.8","1508","16.7"
"Ramírez, Erasmo","541640","2023","274",15.7,4.7,"6.41",".372",".351",53.3,20.2,51.5,"R","962",37.1,"77.7","89.9","2274","13.7","14.7","2448","7.3","7.7","1675","15.6"
"Cisnero, José","542585","2023","267",26.2,9.4,"5.31",".344",".330",51.9,25.3,48.6,"R","986",29.2,"70.4","94.5","2417","17","19.8","2566","6.7","9.8","1361","12.8"
"Anderson, Tyler","542881","2023","629",18.9,10.2,"5.43",".345",".340",47.6,27.8,49.7,"L","2431",50.1,"65.2","88.3","2294","16.9","1","2364","8.8","33.9","1862","17.5"
"Armstrong, Shawn","542888","2023","207",26.1,5.3,"1.38",".233",".253",52.3,26.3,53.8,"R","797",40.8,"92.6","93.3","2378","15.8","7.4","2593","11.6",,,
"Cole, Gerrit","543037","2023","821",27,5.8,"2.63",".256",".289",49.6,26.2,50.1,"R","3281",42.1,"60","96.2","2424","18.5","32.9","2631","9.9","7.1","1581","17.7"
"Coulombe, Danny","543056","2023","210",27.6,5.7,"2.81",".269",".272",44.2,29.8,46.5,"L","830",55.8,"69.4","88","2566","9.6","28.4","2553","16.4","2.2","1782","18.5"
"DeSclafani, Anthony","543101","2023","419",18.9,4.8,"4.88",".328",".346",48.5,20.3,46.7,"R","1549",35.3,"40.3","93.1","2168","19.1","49.9","2150","8.3","9.8","1577","16.1"
"Eovaldi, Nathan","543135","2023","577",22.9,8.1,"3.63",".296",".308",46.5,26.4,47.8,"R","2232",32.8,"54.8","93.7","2218","15.9","17.5","1999","11.6","27.6","1641","13.7"
"Gray, Sonny","543243","2023","754",24.3,7.3,"2.79",".270",".296",49.4,26.1,47.7,"R","2818",48.2,"55.9","91.6","2551","11.8","37.4","2678","18.1","6.7","1715","15.2"
"Hand, Brad","543272","2023","236",25,9.3,"5.53",".344",".328",49,22.3,44.9,"L","969",35.3,"50.2","92.6","2273","17.1","49.8","2394","14.5",,,
"Hendricks, Kyle","543294","2023","578",16.1,4.7,"3.74",".296",".313",45.4,21.1,46.7,"R","2107",45.4,"55.4","87.6","2066","14.6","3.5","2872","18.7","41.1","2156","14.3"
"Lyles, Jordan","543475","2023","748",16,6,"6.28",".340",".339",47.8,20.1,48.1,"R","2816",43.7,"51.3","90.4","2245","16","37.8","2487","15.4","10.9","1677","15.2"
"May, Trevor","543507","2023","205",19.5,14.1,"3.28",".290",".328",49.4,23.6,44.1,"R","776",41.8,"42.4","94.7","2269","18.1","35.3","2472","8.7","22.3","1648","18.4"
"McGough, Scott","543518","2023","301",28.6,10,"4.73",".318",".317",48.2,32,47.7,"R","1233",46.3,"51.1","93.5","2332","20.2","9.2","2567","6.9","39.7","1185","9.2"
"McHugh, Collin","543521","2023","268",17.5,8.2,"4.30",".335",".348",47.8,25.7,47,"R","1018",24.9,"49.7","89.2","2478","10.1","49.9","2757","16.2","0.4","1638","15.1"
"Tonkin, Michael","543859","2023","325",23.1,7.1,"4.28",".283",".305",52.8,24.8,50.3,"R","1283",14.6,"61.2","93.5","2304","16.6","38.8","2269","5.7",,,
"Lorenzen, Michael","547179","2023","624",17.8,7.5,"4.18",".304",".326",50.2,21.7,49.4,"R","2366",41.3,"47.6","94.1","2426","19.7","30.8","2551","5.4","21.6","2094","18.6"
"Ryu, Hyun Jin","547943","2023","224",17,6.3,"3.46",".323",".303",50.6,21.1,48.1,"L","830",40.5,"60.1","87.4","2030","14.9","17.1","2473","19.3","22.8","1480","15.3"
"Chapman, Aroldis","547973","2023","249",41.4,14.5,"3.09",".258",".261",51.7,42.2,44.9,"L","1008",49.5,"64","99.5","2414","18.9","28.9","2311","11","7.1","1184","5.6"
"Raley, Brooks","548384","2023","236",25.8,10.6,"2.80",".289",".284",45.3,29.3,43.4,"L","982",33,"48.7","88.4","2510","11.9","36.3","2957","18","15.1","2065","17.4"
"Stripling, Ross","548389","2023","381",18.4,4.2,"5.36",".348",".358",50.4,23.7,48.2,"R","1453",64.9,"35.2","91.9","2128","17.8","39.1","2313","9.3","25.7","1688","14.5"
"García, Yimi","554340","2023","282",28,5.3,"4.09",".312",".289",49.2,31.3,48.2,"R","1100",25.8,"48.9","95.8","2447","18.2","43.8","2744","11.8","7.3","2042","19.2"
"Wheeler, Zack","554430","2023","787",26.9,5,"3.61",".277",".277",49.7,28.6,51.3,"R","3155",30.7,"75.9","94.7","2466","15.2","23.7","2686","14.3","0.4","1796","18.5"
"Ureña, José","570632","2023","203",14.3,10.8,"6.45",".398",".363",44,21.8,47.1,"R","771",35.1,"50.5","95.2","2191","18.6","25.3","2288","9.1","24.3","1690","17.2"
"Boyd, Matthew","571510","2023","303",24.1,8.3,"5.45",".322",".317",47.9,30.8,49.7,"L","1178",23.9,"45.6","91.3","2493","18.6","35.7","2466","8.7","18.7","1890","15.2"
"Corbin, Patrick","571578","2023","790",15.7,7.2,"5.20",".353",".373",48.5,21.4,45.7,"L","2922",40.9,"58.6","92","2055","17.5","35","2150","3.3","6.4","1563","15.6"
"Farmer, Buck","571656","2023","309",22.7,9.4,"4.20",".303",".311",47.4,30.3,47,"R","1222",32.7,"43","93.9","2300","18.3","33.9","2755","9.3","23.1","1644","15.2"
"Floro, Dylan","571670","2023","248",23.4,6.9,"4.76",".335",".284",47.7,24,46,"R","961",36.8,"66","92.5","2135","17.5","22.2","1853","4","11.9","1845","16.7"
"Heaney, Andrew","571760","2023","641",23.6,9.4,"4.15",".335",".327",46.9,26.5,48.2,"L","2603",28.8,"57.9","92.5","2413","21.2","25.2","2530","6.8","16.9","2117","18.8"
"Law, Derek","571882","2023","240",18.8,10.8,"3.60",".311",".334",47.3,27.1,47.8,"R","959",50.3,"67.4","93.6","2260","12.9","27.8","2288","5.6","4.8","1931","16.6"
"Loup, Aaron","571901","2023","231",19.5,8.7,"6.10",".358",".322",53.2,20.8,50.7,"L","837",7.7,"78.4","89.6","2255","14.8","4.1","2386","16.7","17.6","1904","17.6"
"Matz, Steven","571927","2023","449",21.8,7.1,"3.86",".316",".304",51.9,25.3,47.8,"L","1866",35,"56.1","94.1","2227","18.7","16.6","2252","14.3","27.4","2306","13.9"
"Mikolas, Miles","571945","2023","860",15.9,4.5,"4.78",".330",".354",54.9,16.7,49.7,"R","3197",47.5,"50.4","93","2236","17.2","44.3","2405","10.7","5.4","1640","16.8"
"Milner, Hoby","571948","2023","252",23.4,5.2,"1.82",".251",".267",48,20.6,42.5,"L","1027",-2.4,"49.6","88.5","1957","18.2","33.1","1886","14.3","17.3","1664","16"
"Paxton, James","572020","2023","411",24.6,8,"4.50",".328",".300",50.1,27.6,50,"L","1690",45.2,"73.6","93.1","2165","15.6","19.7","1929","7.2","6.7","1924","16.3"
"VerHagen, Drew","572403","2023","268",22.4,9.7,"3.98",".314",".309",48.9,30.6,46.4,"R","1042",48.8,"57.7","92","2299","13.6","31.1","2320","15.1","11.2","1572","9.2"
"Johnson, Pierce","572955","2023","277",32.5,10.8,"4.02",".335",".305",46.3,33.1,46.8,"R","1084",40.2,"35.2","95.9","2306","17.5","64.8","2920","9.9",,,
"Rogers, Taylor","573124","2023","216",29.6,11.6,"3.83",".292",".293",50.2,26.7,41.7,"L","834",30,"43.5","93.3","2121","17.1","56.5","2730","15.1",,,
"Stroman, Marcus","573186","2023","575",20.7,9,"3.95",".285",".318",45.8,22.4,45.1,"R","2203",34.4,"64.2","91.2","2350","11.2","28.1","2767","12.5","7.7","1773","14.3"
"Kikuchi, Yusei","579328","2023","700",25.9,6.9,"3.86",".319",".319",51,28,48.7,"L","2817",42,"45.1","95.1","2340","19","45.2","2473","6.3","9.7","1721","12"
"Adam, Jason","592094","2023","222",31.1,9,"2.98",".283",".320",48.2,34.4,45.9,"R","906",29.6,"33.4","94.6","2625","19.6","31.3","2694","20","35.2","2258","16.7"
"Gausman, Kevin","592332","2023","763",31.1,7.2,"3.16",".292",".303",46.9,28.9,49.3,"R","3069",38.4,"50.9","94.6","2278","20.1","10.8","2236","5.7","38.3","1787","17.2"
"Gray, Jon","592351","2023","656",21.6,8.2,"4.12",".317",".325",50.3,26.4,50.8,"R","2393",29.9,"42.4","95.7","2010","16.6","46","2414","7.7","11.6","1455","16.2"
"Smyly, Drew","592767","2023","626",22.5,8.9,"5.00",".348",".313",45.6,27.1,46.6,"L","2401",46.5,"50.6","91.2","2059","16.4","49.4","2120","4.3",,,
"Stanek, Ryne","592773","2023","213",23.9,9.9,"4.09",".300",".310",50.6,30.7,52.4,"R","864",45.8,"64.2","98.2","2346","20.6","17.6","2486","3.7","18.2","1058","13.5"
"Syndergaard, Noah","592789","2023","391",14.3,4.9,"6.50",".371",".381",54.6,17.9,49.1,"R","1404",40,"56.7","91.6","2150","16.2","20.9","2161","9.4","22.4","1598","17.4"
"Taillon, Jameson","592791","2023","655",21.4,6.3,"4.84",".322",".332",51.4,22,49.1,"R","2533",43.7,"66.6","92","2391","16.7","30.3","2717","14.7","3.1","1867","17.6"
"Walker, Taijuan","592836","2023","733",18.8,9.7,"4.38",".313",".321",46,20.5,44.1,"R","2837",39.9,"58.1","91","2133","16.8","8.7","2423","13.5","33.2","1413","12.4"
"Williams, Trevor","592866","2023","658",16.9,7.9,"5.55",".377",".360",46.4,19,47.1,"R","2622",18.4,"57.8","89.3","2119","13.8","25.1","2200","8.3","17","1686","14.9"
"Germán, Domingo","593334","2023","444",25.7,7.7,"4.56",".297",".319",48.8,30.3,50.9,"R","1653",31.3,"38.5","92.3","2479","19.1","40.9","2669","2.5","20.6","2392","19.8"
"Neris, Héctor","593576","2023","273",28.2,11.4,"1.71",".259",".283",47.6,30.6,50.6,"R","1092",39.8,"67.3","93","2410","19.8","3.9","2027","5.9","28.8","1166","10.2"
"Rodriguez, Eduardo","593958","2023","621",23,7.7,"3.30",".284",".310",49.9,23.8,47.8,"L","2372",37.8,"73.9","91.3","2166","14.7","7.2","2121","4.1","18.9","1879","17.3"
"Peralta, Wandy","593974","2023","227",22.5,13.2,"2.83",".293",".332",37.5,29.7,46.8,"L","878",41.1,"42.7","95.8","2210","19.4","13.1","2274","5.7","44.2","2185","17.6"
"Moll, Sam","594580","2023","268",25.4,11.2,"3.03",".265",".262",52.1,22.5,44.6,"L","1025",18.4,"60.8","93.7","2448","16.3","37.9","3049","17.4","1.4","1687","14"
"Gonzales, Marco","594835","2023","215",15.8,8.4,"5.22",".334",".349",50.3,20.1,48.6,"L","811",38.5,"45.6","88.4","2029","18.2","24.2","2207","10.2","30.2","2164","18.6"
"Lively, Ben","594902","2023","383",20.6,6.5,"5.38",".348",".342",52,20.7,45.4,"R","1383",35.7,"58.9","90.7","1985","16.4","30.9","1987","11.7","10.2","1657","17.1"
"Okert, Steven","595345","2023","247",29.6,9.7,"4.45",".319",".304",50,30.7,47.6,"L","1019",31.7,"38.7","93.8","2237","17.3","61.3","2530","12.1",,,
"Junis, Jakob","596001","2023","367",26.2,5.7,"3.87",".328",".298",49.5,27.3,46.7,"R","1389",31.2,"27.6","93.7","2185","15.5","62.5","2463","13.5","9.9","1361","12.7"
"Stephenson, Robert","596112","2023","201",38.3,8,"3.10",".243",".257",46.4,46.6,53.7,"R","763",48.1,"65","91.6","2698","9.7","24.4","2992","4.8","10.6","1615","15.5"
"Weaver, Luke","596133","2023","563",19.4,7.1,"6.40",".385",".357",50.7,21.6,47.3,"R","2258",47,"54.5","93.3","2398","17","25.5","2268","7.8","20","1714","16"
"Gomber, Austin","596295","2023","603",14.4,7.1,"5.50",".368",".362",53.4,19.1,47.5,"L","2160",53.8,"45.1","90.6","2168","18.7","36.9","2452","10.1","18.1","1642","14.3"
"Leclerc, José","600917","2023","233",28.8,12,"2.68",".261",".276",40.4,35.6,48,"R","977",43.5,"55.1","93.7","2552","15.6","31.6","2495","10","13.3","2070","18.1"
"Machado, Andrés","600921","2023","207",20.8,6.3,"5.22",".356",".356",50.9,24,50.6,"R","774",34.4,"59.3","96.3","2115","19.1","13.2","2010","7.4","27.5","1715","15.3"
"Pivetta, Nick","601713","2023","587",31.2,8.5,"4.04",".296",".308",48.7,29.6,48.9,"R","2383",55.5,"58.4","93.8","2357","18.8","41.2","2647","15.6","0.5","1268","8.8"
"Barlow, Scott","605130","2023","299",26.4,11.4,"4.37",".299",".300",46.8,31.2,43.9,"R","1197",29,"29.3","93","2338","14","70.7","2573","14.9",,,
"Bassitt, Chris","605135","2023","826",22.5,7.1,"3.60",".304",".310",52.7,21.9,47.3,"R","3139",39.5,"64","91","2131","15.4","26.2","2286","17.5","9.8","1754","17.8"
"Chafin, Andrew","605177","2023","224",28.1,12.5,"4.73",".324",".321",40.5,31.8,43,"L","921",48.3,"64.1","92.2","2154","19.2","35.1","2527","2.2","0.9","1793","16.5"
"Clevinger, Mike","605182","2023","549",20,7.3,"3.77",".312",".312",49.8,23.2,49.1,"R","2100",44.9,"58.6","92.9","2279","17.1","28.6","2345","15.8","12.8","1528","16.7"
"Davies, Zach","605200","2023","377",19.1,10.3,"7.00",".360",".355",43.7,22,40.3,"R","1497",35.8,"66.3","89.1","2167","17.9","8.9","2585","11.9","24.8","1769","16.5"
"Fulmer, Michael","605242","2023","237",27.4,11.8,"4.42",".320",".319",46.1,33.5,46.2,"R","950",41.6,"61.7","92.7","2442","12.5","30.6","2728","16.8","7.7","1727","13.1"
"Holmes, Clay","605280","2023","262",27.1,8.8,"2.86",".265",".260",51.5,26.2,43.9,"R","1024",46.1,"69.5","96","2138","15.8","30.5","2588","8.5",,,
"Houser, Adrian","605288","2023","481",20,7.1,"4.12",".318",".316",49.7,18.7,45.2,"R","1856",41.4,"70.9","92.5","2104","18.2","25.1","2120","9.6","4","1462","15.6"
"López, Jorge","605347","2023","266",18.4,8.3,"5.95",".370",".353",51.4,23.2,47.3,"R","966",34.4,"50.2","96.8","2025","19","38.1","2433","10.8","11.7","1714","16.4"
"Musgrove, Joe","605397","2023","399",24.3,5.3,"3.05",".295",".274",48.5,26,49.4,"R","1550",36.2,"50.3","91.9","2582","11.4","38.4","2776","16.3","11.4","2093","13.9"
"Nola, Aaron","605400","2023","793",25.5,5.7,"4.46",".303",".298",48.9,26,49.3,"R","3087",22.8,"55.7","91.5","2271","17.9","31.6","2591","16.8","12.6","1558","15.8"
"Romano, Jordan","605447","2023","248",29,9.7,"2.90",".281",".280",48,35.9,50.3,"R","915",47.7,"45.8","96.7","2326","18.2","54.2","2179","5.7",,,
"Snell, Blake","605483","2023","742",31.5,13.3,"2.25",".266",".300",39.9,37.3,42.9,"L","3168",57.5,"48.6","95.5","2430","19.4","32.9","2377","13.1","18.4","1796","17"
"Woodruff, Brandon","605540","2023","253",29.2,5.9,"2.28",".241",".261",54.6,28.3,50.1,"R","1043",42.8,"63","95.5","2391","19.1","17.4","2484","6.5","19.7","2005","18.3"
"Gallegos, Giovanny","606149","2023","229",25.8,5.2,"4.42",".322",".314",46.2,36.2,51.9,"R","883",56.5,"50.2","93.7","2338","19.1","46.3","2404","2.6","3.5","1728","17.8"
"Montero, Rafael","606160","2023","298",26.5,9.7,"5.08",".359",".329",45.3,30.1,49.1,"R","1253",35.4,"63.7","95.9","2321","18.2","14","2312","7.7","22.3","2057","17.5"
"Payamps, Joel","606303","2023","287",26.8,5.9,"2.55",".272",".279",48.8,26.9,43.8,"R","1120",29.9,"44","95.3","2403","17.5","43.8","2748","12.2","12.2","2076","15.7"
"Rea, Colin","607067","2023","517",21.3,7.4,"4.55",".313",".323",50.7,24,47.9,"R","2016",37.5,"75.6","90.7","2158","13.7","18.8","2206","12.2","5.6","1514","16"
"Rodón, Carlos","607074","2023","286",22.4,9.8,"6.85",".357",".351",49.7,26.3,53.4,"L","1133",47,"60.4","95.3","2343","18.7","35.3","2507","9.6","4.3","1514","12.9"
"Weems, Jordan","607179","2023","232",25.9,12.1,"3.62",".294",".319",47.5,27,44.3,"R","920",49.6,"48","96.3","2110","18.6","44","2301","6.5","7.9","1223","14.6"
"Glasnow, Tyler","607192","2023","485",33.4,7.6,"3.53",".270",".292",51.4,35.4,48.6,"R","1894",55.5,"43.6","96.4","2489","17","56.1","2683","7.5","0.3","1825","17"
"Martinez, Nick","607259","2023","461",23,8.7,"3.43",".294",".308",46.2,28.6,46.9,"R","1750",58.1,"51.8","91.9","2365","17.3","19.4","2558","15.4","28.8","2002","13.7"
"Bummer, Aaron","607481","2023","267",29.2,13.5,"6.79",".313",".293",47.8,32.5,40,"L","1099",9.2,"61.4","93.1","2071","13.1","38","2571","17","0.5","1548","16.3"
"Freeland, Kyle","607536","2023","677",13.9,6.2,"5.03",".360",".361",51.5,17.2,51,"L","2414",24.4,"46.6","88.7","2319","15.4","41.2","2321","5.7","12.2","1599","14.1"
"Lugo, Seth","607625","2023","604",23.2,6,"3.57",".306",".323",52.3,21.9,46.3,"R","2376",39.5,"51.7","93.3","2293","18.4","42.4","3067","17.3","5.9","1543","11.8"
"Vasquez, Andrew","607755","2023","219",19.6,10.5,"3.35",".316",".303",53.3,17.5,42.9,"L","853",19.7,"11.6","88.9","2206","16.4","86.9","2642","18.8","1.5","2151","15.2"
"Estévez, Carlos","608032","2023","281",27.8,11,"3.90",".320",".311",54.5,27.5,51.9,"R","1127",39.7,"66.8","97.1","2179","19.2","27","2231","6.6","6.2","1566","15.1"
"Fried, Max","608331","2023","311",25.7,5.8,"2.55",".279",".257",44.2,27.2,46.5,"L","1243",49.5,"49.4","93.3","2217","12.9","34.1","2684","15.8","16.5","1453","13.6"
"Giolito, Lucas","608337","2023","794",25.7,9.2,"4.88",".339",".329",48.6,28.8,46.8,"R","3190",51.4,"41.9","93.1","2173","19.1","29.8","1996","3.7","28.3","1547","17"
"Irvin, Cole","608344","2023","336",20.2,6.3,"4.42",".318",".358",52.7,20.8,50.5,"L","1273",42.2,"64.7","90.5","2019","15.6","14.3","2214","16.4","21.1","1560","15.8"
"Sims, Lucas","608371","2023","258",27.9,15.1,"3.10",".287",".302",44.7,33.1,45.7,"R","1056",39,"43.6","94.2","2620","19.7","56.4","3017","16.8",,,
"Wacha, Michael","608379","2023","553",22.4,7.8,"3.22",".291",".318",50.2,24.6,47.9,"R","2221",53.2,"54.3","90.8","2010","18.3","11.2","2146","17","34.5","1522","17.8"
"Graveman, Kendall","608665","2023","282",23.4,12.8,"3.12",".312",".328",43.8,29.2,43.6,"R","1113",44.7,"61.9","95.9","2291","19.1","29","2525","6.3","9.1","1715","15.4"
"Leone, Dominic","608678","2023","235",23,11.9,"4.67",".352",".350",43.6,34.1,50.7,"R","886",39.5,"70.1","93.9","2383","12.9","29.9","2547","6.6",,,
"Stratton, Chris","608717","2023","338",24,7.4,"3.92",".283",".293",51,22,47.5,"R","1357",37.8,"54.8","93.1","2541","16","38.1","3046","12.9","7.1","2187","13.6"
"Suter, Brent","608718","2023","292",18.8,8.6,"3.38",".294",".279",47.8,22.2,44.3,"L","1129",53,"60.9","87.1","2177","13.7","10.8","2248","6.7","28.3","1588","13.5"
"Castro, Miguel","612434","2023","268",22.4,9.3,"4.31",".286",".302",49.9,26.9,45.7,"R","1008",17.2,"42.5","96.8","2153","18.3","41.7","2799","11.1","15.9","1854","17.1"
"Ruiz, José","614179","2023","207",18.8,10.1,"5.89",".385",".354",43.9,29.5,45.9,"R","815",44.5,"51.9","96.3","2209","17.8","35","2131","4.4","13.1","1748","17.8"
"Quantrill, Cal","615698","2023","444",13.1,7.9,"5.24",".339",".365",46.2,18.9,47,"R","1710",46.5,"66.7","91.7","2188","15.5","10.9","2400","4.8","22.4","1276","13.8"
"Cuas, Jose","621016","2023","292",24.3,12,"3.99",".339",".354",45.9,29.7,45.5,"R","1176",2.6,"69.3","92.6","2448","16.9","26.6","2597","5.9","4.1","1811","16.3"
"Wilson, Steven","621051","2023","219",26,12.3,"3.91",".289",".285",48.9,26.7,44.2,"R","938",39,"37.2","94.3","2392","19.8","59.6","2609","15.7","3.2","2085","18"
"Kaprielian, James","621076","2023","280",20.4,11.1,"6.34",".356",".337",50.9,25,48.5,"R","1090",33.2,"55.3","92.2","1975","18","36.9","2363","11.2","7.8","1280","11.5"
"Eflin, Zach","621107","2023","703",26.5,3.4,"3.50",".276",".270",52.1,24.1,49.9,"R","2577",32.7,"64.2","90.8","2166","14.2","30.7","2497","14.3","5.1","1615","16.7"
"Blackburn, Paul","621112","2023","464",22.4,9.3,"4.43",".340",".323",43.6,23.8,45.7,"R","1875",49.4,"59","90.8","2189","13.9","29.8","2583","16.9","11.2","1688","14.3"
"Berríos, José","621244","2023","782",23.5,6.6,"3.65",".302",".326",49,25.5,46.5,"R","2937",41.3,"51.9","94","2161","19.2","29.6","2376","16.5","18.5","1436","15.1"
"Minter, A.J.","621345","2023","260",31.5,8.1,"3.76",".283",".282",49,31.4,50.4,"L","1062",42.2,"86.1","92.9","2485","12.9",,,,"13.9","1637","16.5"
"Poche, Colin","621363","2023","246",24.8,9.8,"2.23",".258",".253",48.1,29,48.8,"L","927",65.3,"65","92.5","2249","20.2","35","2448","6.5",,,
"Strahm, Matt","621381","2023","351",30.8,6,"3.29",".274",".276",55.2,28,50.4,"L","1366",32.7,"74","92.6","2427","19.5","25.6","2719","10.9","0.4","2273","19"
"Banks, Tanner","621383","2023","255",20,6.3,"4.43",".331",".322",51.8,24.8,46.4,"L","1007",48.5,"38.1","92.6","2233","15.6","45.4","2358","9.3","16.5","1828","13"
"Blach, Ty","621389","2023","352",14.2,6.8,"5.54",".389",".399",51.3,15.3,49.2,"L","1264",21.5,"71.5","88","2179","15.1","6.4","2298","5.6","22.1","1977","15.2"
"Young, Alex","622065","2023","236",21.2,8.5,"3.86",".324",".311",47.4,30.3,50.9,"L","877",30,"39.8","90.6","2361","18.3","24.3","2355","9.5","35.9","1489","12.2"
"Wood, Alex","622072","2023","429",17.2,9.8,"4.33",".335",".330",49,21.7,45.8,"L","1708",18.2,"44.6","91.5","1980","19.4","26.1","2025","7.8","29.3","1701","15.1"
"Almonte, Yency","622075","2023","207",23.7,11.1,"5.06",".314",".320",45,30.5,43,"R","800",38,"43.4","95.8","2198","18.4","50.1","2555","14.3","6.5","1873","18"
"Smith, Drew","622098","2023","244",24.6,11.9,"4.15",".341",".322",45,26,46.5,"R","1082",40.5,"61.3","95","2503","19.8","29.4","2749","11.6","9.3","1867","17.7"
"Sborz, Josh","622250","2023","215",30.7,7.9,"5.50",".291",".284",48.4,37.2,47.1,"R","834",48.4,"36.2","96.9","2316","19.6","63.8","2165","8.2",,,
"Castillo, Luis","622491","2023","802",27.3,7,"3.34",".289",".302",49.4,30.6,52.1,"R","3207",18.1,"62.3","96.1","2232","18.5","22.1","2347","2.7","15.6","1906","18"
"Domínguez, Seranthony","622554","2023","224",21.4,9.8,"3.78",".318",".331",47.1,28,50.6,"R","859",29.1,"68.3","97.7","2321","16.9","27.7","2415","7.6","4","1796","17.8"
"Severino, Luis","622663","2023","417",18.9,8.2,"6.65",".390",".366",52.2,20.8,51.5,"R","1636",42.5,"62.6","95.1","2292","15.5","18.8","2667","10.7","18.6","1561","16.2"
"Sewald, Paul","623149","2023","249",32.1,9.6,"3.12",".281",".258",53.4,29.3,49.8,"R","1037",17.3,"57.2","92.2","2514","17.4","42.8","2474","14.7",,,
"Flexen, Chris","623167","2023","466",15.9,8.2,"6.86",".392",".374",48.3,22.3,48,"R","1755",69.5,"72.1","90.2","2202","13.8","11.9","2514","10.3","16","1300","14"
"Brazobán, Huascar","623211","2023","257",25.3,12.1,"4.14",".308",".293",43.9,31.7,47.6,"R","1012",35.8,"71.6","92.2","2300","13.4",,,,"28.4","1841","15.7"
"Hader, Josh","623352","2023","231",36.8,13,"1.28",".239",".238",44.4,33.1,50.1,"L","1042",33.4,"73.4","96.1","2138","20.3","23.2","2388","3.9","3.4","1641","16.6"
"Topa, Justin","623437","2023","279",21.9,6.5,"2.61",".269",".268",54.8,19.5,46.6,"R","1046",12.2,"63.2","94.3","2147","15","30","2571","14.5","6.8","2058","18.1"
"Phillips, Evan","623465","2023","234",28.2,5.6,"2.05",".232",".274",50.2,29.6,47.7,"R","915",25.6,"54.5","94.8","2356","14.7","45.5","2512","15.1",,,
"Suárez, Ranger","624133","2023","540",22,8.9,"4.18",".325",".321",47.3,23.1,45,"L","2023",40.2,"62.1","91.9","1971","14","19.5","2173","15.2","18.4","1447","14.7"
"López, Reynaldo","625643","2023","278",29.9,12.2,"3.27",".286",".309",48.1,30.5,51.2,"R","1205",42.4,"64.3","98.2","2189","18.9","30.3","2365","6.6","5.4","1687","16.8"
"Maeda, Kenta","628317","2023","428",27.3,6.5,"4.23",".309",".299",47.8,28.2,48.5,"R","1700",39.6,"33.8","90.8","2266","16.8","34.3","2609","9.8","31.9","1406","11.1"
"Iglesias, Raisel","628452","2023","231",29.4,6.5,"2.75",".285",".276",47.5,32.7,53.4,"R","870",31.8,"49.3","95","2308","17.6","15.4","2681","10.6","35.3","1931","16"
"Urías, Julio","628711","2023","482",24.3,5,"4.60",".328",".314",52.9,24.2,49.5,"L","1849",44.9,"54.3","91.7","2487","15.8","30","2832","17.7","15.7","1859","16"
"Chirinos, Yonny","630023","2023","367",14.4,7.4,"5.40",".350",".375",50.8,17.7,48.7,"R","1342",46.4,"48.7","92.4","2034","18.6","25.8","2225","7.5","25.6","1319","7.7"
"Finnegan, Kyle","640448","2023","288",21.9,8.3,"3.76",".320",".332",54.9,24.8,49.5,"R","1106",50.2,"70","97.3","2036","18.7","5.2","2183","8.1","24.8","1057","9.7"
"Harvey, Hunter","640451","2023","235",28.5,5.5,"2.82",".252",".283",53.3,26.3,50.9,"R","963",44.4,"60","98.3","2078","18.6","21.3","2248","6.9","18.7","1081","11"
"Manaea, Sean","640455","2023","499",25.7,8.4,"4.44",".306",".316",52.3,24.2,49.8,"L","2052",28,"57","93.6","2040","18.5","26","2087","7.5","17","1486","14.3"
"Puk, A.J.","640462","2023","242",32.2,5.4,"3.97",".300",".271",55.4,33,48.2,"L","950",24,"56.1","95.8","2186","17.9","42.6","2341","10.7","1.3","1132","11.3"
"Alzolay, Adbert","640470","2023","253",26.5,5.1,"2.67",".269",".294",52.3,28.1,51.4,"R","961",40.5,"50.1","94.5","2306","17.1","49.4","2558","7.5","0.5","1665","14.3"
"López, Pablo","641154","2023","801",29.2,6,"3.66",".294",".269",49.8,30.3,51.7,"R","3024",36.1,"45.1","94.8","2227","15.6","33.8","2554","13.7","21.1","2067","17.6"
"Bickford, Phil","641360","2023","304",25,12.8,"4.95",".319",".335",46.3,29.7,48.8,"R","1229",27.9,"71","93.7","2353","16.9","26.9","2295","7.2","2","1462","8.3"
"Cortes Jr., Nestor","641482","2023","266",25.2,7.5,"4.97",".323",".296",52.3,24.2,49.4,"L","1068",48.6,"81.4","89.8","2318","16.3","15.8","2569","16.1","2.8","1404","15.3"
"Dunning, Dane","641540","2023","722",19.4,7.6,"3.70",".310",".325",50.2,22.3,47,"R","2696",37.6,"56.3","90.2","2108","14","28.1","2329","6.4","15.6","1775","17.7"
"France, J.P.","641585","2023","581",17.4,8.1,"3.83",".319",".337",51.4,21.9,44.9,"R","2202",42.2,"62","91.2","2500","13.8","22.8","2574","18.6","15.2","1867","18.2"
"Gott, Trevor","641627","2023","261",23.8,7.3,"4.19",".309",".289",49,23.2,44.6,"R","977",33.6,"88.8","91.6","2128","14.3","7.1","1926","13.8","4.1","1330","15.4"
"Hamilton, Ian","641656","2023","239",28.9,10.9,"2.64",".275",".289",46.2,34.6,47.5,"R","979",41.6,"45.8","95.9","2238","18.4","54.2","1512","3.9",,,
"Honeywell Jr., Brent","641703","2023","235",19.1,10.2,"4.82",".347",".362",48.4,24,46.8,"R","941",44,"47.5","94.8","2157","17.3","18.1","2485","13.4","34.4","1800","13.6"
"Hudson, Dakota","641712","2023","354",12.7,9.6,"4.98",".350",".369",49.3,20.2,47.1,"R","1317",41.6,"59.9","91.4","2106","13","37.7","2531","3.9","2.4","1656","14.1"
"Jiménez, Joe","641729","2023","238",30.7,5.9,"3.04",".302",".300",54.6,32.2,51.1,"R","935",34.3,"62.2","95.3","2431","20.2","30.7","2177","5.7","7.1","2170","18.2"
"Keller, Brad","641745","2023","211",14.7,21.3,"4.57",".364",".360",44,22.8,37.5,"R","877",43.9,"41.5","93.1","2293","12.3","46.2","2528","10.8","12.3","1674","10.4"
"Lauer, Eric","641778","2023","211",20.4,11.4,"6.56",".411",".405",48.6,22,46.9,"L","844",39.7,"79","89","2196","15.5","20.3","2310","8.3","0.7","1498","18.4"
"Littell, Zack","641793","2023","379",19.5,3.2,"4.10",".308",".317",53.9,21,53.4,"R","1330",43,"41.1","93.8","2070","19.5","39.7","2211","9.1","19.2","915","9.6"
"Mayza, Tim","641835","2023","215",24.7,7,"1.52",".279",".285",47.8,22.9,43.8,"L","809",41.9,"76.5","93.4","2057","18.2","23.5","2287","2.5",,,
"Middleton, Keynan","641871","2023","212",30.2,10.8,"3.38",".296",".298",46.8,36,51.6,"R","856",38.6,"26.3","95.5","2392","18.8","30.8","2405","5.2","42.9","1873","15.8"
"Ober, Bailey","641927","2023","577",25.3,5,"3.43",".294",".295",49.2,28.7,53.1,"R","2327",31.2,"45.7","91.3","2313","18.2","26.3","2125","12.5","28","2084","18.2"
"Pagán, Emilio","641941","2023","273",23.8,7.7,"2.99",".241",".296",54.5,24.4,54.6,"R","1061",41,"85.1","92.9","2511","15","2.5","2571","11.1","12.3","1533","16.3"
"Saucedo, Tayler","642048","2023","207",20.8,11.1,"3.59",".298",".313",44.9,29.6,45.8,"L","789",24,"42.2","92.3","2342","18.3","31.9","2371","9.8","25.9","2203","18.6"
"Speier, Gabe","642100","2023","216",29.6,5.1,"3.79",".278",".290",47.4,30.8,52.8,"L","782",28.9,"66.5","94.6","2079","18.8","31.8","2130","3.8","1.7","1421","14.8"
"Williams, Devin","642207","2023","231",37.7,12.1,"1.53",".214",".254",42,41.8,46.9,"R","948",23.7,"42.1","93.9","2327","19.7",,,,"57.9","2683","20.1"
"Yarbrough, Ryan","642232","2023","376",17.8,3.5,"4.52",".317",".322",52.9,22.8,51.5,"L","1424",19.8,"55.7","85.8","1918","13.8","26.1","2162","15.4","18.3","1928","16.7"
"Soto, Gregory","642397","2023","250",26,8.8,"4.62",".274",".260",52.9,34.2,48.1,"L","966",35.6,"60.8","98.3","2352","19.4","39","2399","4.7","0.2","2041","18.7"
"Barria, Jaime","642545","2023","362",17.1,8.3,"5.68",".357",".353",48.6,22.9,48.5,"R","1350",55.5,"35.3","92.9","2248","18.3","50.7","2161","7.4","14.1","1536","17.5"
"Peralta, Freddy","642547","2023","680",30.9,7.9,"3.86",".291",".284",47.5,33.6,47.8,"R","2839",35.7,"51.2","94.4","2414","17.1","34.2","2282","8.4","14.6","1707","15.2"
"Bautista, Félix","642585","2023","237",46.4,11,"1.48",".218",".224",46.3,44.3,51.2,"R","988",64.1,"70.4","99.5","2421","21.7","4.8","2414","6.1","24.8","904","10.7"
"Jax, Griffin","643377","2023","274",24.8,6.9,"3.86",".283",".263",53.2,26.6,48.1,"R","1047",46.4,"38.3","96.2","2394","17.1","52.8","2960","14.6","8.9","1747","15.2"
"Leiter Jr., Mark","643410","2023","269",28.6,8.9,"3.50",".293",".310",44,32.3,44.3,"R","1056",48.9,"56.9","90.4","2044","14.4","9.1","2293","19.1","34","860","8.3"
"Rogers, Tyler","643511","2023","309",19.4,6.1,"3.04",".284",".257",53.9,22.4,51.2,"R","1124",-62.9,"51.2","82.8","1926","12","48.8","2330","19.2",,,
"Alcantara, Sandy","645261","2023","762",19.8,6.3,"4.14",".301",".320",51.9,25.4,54.2,"R","2721",33.7,"50.3","97.8","2297","18.7","22.3","2376","4.8","27.3","1968","16.9"
"Abreu, Bryan","650556","2023","287",34.8,10.8,"1.75",".255",".279",47.9,39.8,44.8,"R","1211",42.4,"41.2","97.6","2388","18.1","58.8","2916","10.4",,,
"King, Michael","650633","2023","431",29.5,7.4,"2.75",".281",".289",47.8,29.4,42.5,"R","1681",31.4,"56.2","94.3","2346","17.4","29.3","2785","18.3","14.5","2129","19"
"Civale, Aaron","650644","2023","504",23,6.5,"3.46",".288",".297",50.2,22.7,46.9,"R","2008",47,"68","89.7","2468","13.6","30.3","2962","18","1.7","2067","19.2"
"Cabrera, Génesis","650893","2023","239",24.3,10,"4.04",".311",".315",47.3,29.8,49.7,"L","946",44.9,"82.6","93.4","2201","14.3","13.3","2313","11.6","4.1","1674","17.1"
"Sánchez, Cristopher","650911","2023","396",24.2,4,"3.44",".296",".299",50.8,26.4,48.2,"L","1460",28.2,"46.2","92.1","1997","18.7","21.1","2048","4.2","32.7","1887","17.5"
"Abreu, Albert","656061","2023","268",22.8,13.1,"4.73",".332",".329",48.2,26.3,42,"R","1044",39.9,"57.6","97.3","2130","19.8","28.1","2196","6.2","14.4","2006","19.7"
"Bielak, Brandon","656232","2023","353",17.6,10.2,"3.83",".357",".354",45.6,23.7,45,"R","1388",46,"52.2","92.1","2330","14.9","23","2388","14.8","24.9","1877","16"
"Bird, Jake","656234","2023","381",20.2,7.1,"4.33",".320",".325",52.6,21.1,45.6,"R","1391",19.3,"72.7","93.5","2086","8.9","27.1","2771","14.8","0.2","1997","11.9"
"Burke, Brock","656271","2023","250",20.8,3.6,"4.37",".322",".317",56.2,22.2,56.6,"L","914",39.3,"70","94.6","2232","17.7","18.8","2135","5.2","11.2","2050","17.1"
"Canning, Griffin","656288","2023","536",25.9,6.7,"4.32",".315",".309",51.9,29.1,48.4,"R","2084",45.5,"35.5","94.7","2138","17.5","43.3","2629","7.5","21.2","1810","17.1"
"Cease, Dylan","656302","2023","784",27.3,10.1,"4.58",".321",".313",44.9,31,46.3,"R","3262",53.4,"43.2","95.6","2519","19.2","53.8","2752","7.4","3","1678","17.4"
"Davidson, Tucker","656353","2023","236",19.5,8.1,"5.96",".364",".346",49.6,23.9,46.4,"L","847",56.2,"37.2","91.3","1965","17.4","55.4","2280","9.1","7.4","1091","9.6"
"Faedo, Alex","656412","2023","262",22.1,7.6,"4.45",".287",".302",51.3,23.5,47.7,"R","1034",31.6,"48.5","92.9","2417","18.9","38.1","2610","4.4","13.3","1901","18.1"
"Flaherty, Jack","656427","2023","650",22.8,10.2,"4.99",".356",".343",46.4,26.6,44,"R","2633",29.7,"52.6","92.3","2293","12.8","44.2","2476","11.8","3.2","1624","13.4"
"Ginkel, Kevin","656464","2023","255",27.5,9.4,"2.48",".246",".273",46.4,31.2,46.8,"R","1055",40.5,"57","95.5","2379","18.1","43","2410","4.6",,,
"Hentges, Sam","656529","2023","223",25.1,8.1,"3.61",".292",".313",50.9,27.4,45,"L","852",42.9,"49.3","95.5","2086","15.9","50.7","2337","12.9",,,
"Hoffman, Jeff","656546","2023","208",33.2,9.1,"2.41",".226",".247",48.3,34.6,51.2,"R","869",41.5,"34.3","97.1","2585","20.9","47.9","2784","6.1","17.8","1640","16.6"
"Houck, Tanner","656557","2023","463",21.4,8.9,"5.01",".323",".316",48.3,28.8,47.3,"R","1739",20.1,"50.3","93","2203","13.5","38.4","2593","11.7","11.4","1689","14.7"
"Jackson, Andre","656578","2023","257",22.2,8.6,"4.99",".310",".352",51.2,24.4,48.3,"R","1001",53.4,"44.6","94.9","2268","19.3","23.5","2277","9.2","32","1766","15.9"
"Keller, Mitch","656605","2023","825",25.5,6.7,"4.21",".310",".315",53.8,23.2,47.8,"R","3119",38.9,"73.1","92.9","2402","14.3","24","2706","18.8","2.8","1646","16.1"
"Kopech, Michael","656629","2023","591",22.7,15.4,"5.43",".363",".363",45.1,26.9,42.1,"R","2430",41.3,"61.4","95.2","2501","19.6","31.2","2346","6.6","7.4","1794","16.7"
"Lange, Alex","656638","2023","288",27.4,15.6,"3.68",".294",".305",37.2,39.1,41,"R","1146",40.9,"31.3","95.8","2189","17.5","58.6","2236","4.3","10.1","1626","15.9"
"Megill, Tylor","656731","2023","567",18.5,10.2,"4.70",".350",".365",48.7,23.4,44.9,"R","2235",41.4,"55.7","94.9","2126","16.9","29.2","2251","8.6","15.1","1597","15.9"
"Montgomery, Jordan","656756","2023","777",21.4,6.2,"3.20",".298",".308",48.2,26,47.6,"L","2920",46.7,"54.9","93.1","2232","18.1","22.2","2356","7.4","23","1675","16"
"Peterson, David","656849","2023","492",26,10.2,"5.03",".357",".340",44.4,29.5,45.9,"L","1966",40.6,"52.5","92.1","2138","16.3","28.6","2379","5.5","18.9","1600","17.1"
"Scott, Tanner","656945","2023","307",33.9,7.8,"2.31",".236",".246",51.5,36.2,51.2,"L","1208",32.9,"47.4","96.8","2598","16.2","52.6","2733","6.9",,,
"Steele, Justin","657006","2023","716",24.6,5,"3.06",".291",".290",53.2,24,52.9,"L","2678",47.3,"64.4","91.8","2401","11.1","34.6","2658","14.4","1","1745","13.5"
"Swanson, Erik","657024","2023","262",28.6,8,"2.97",".280",".271",47.2,32.6,50.4,"R","1059",48.2,"34.7","93.7","2266","20.5","17.8","2195","12.2","47.5","1215","13.9"
"Toussaint, Touki","657053","2023","384",22.1,14.8,"4.97",".317",".352",43.4,25.2,40.1,"R","1595",36.2,"49.9","93.2","2217","17","31.1","2425","17.1","19","1624","11.7"
"Webb, Jacob","657097","2023","232",24.6,12.9,"3.69",".294",".302",48.5,32.2,51.2,"R","928",35.7,"48.7","94.9","2477","19.4","23.5","2519","13.9","27.8","2166","20.4"
"Merryweather, Julian","657240","2023","303",32.3,11.9,"3.38",".291",".298",47.6,35.1,47.3,"R","1228",54.9,"40.9","98.1","2342","17.8","51.6","2342","4","7.5","1352","15.2"
"Webb, Logan","657277","2023","850",22.8,3.6,"3.25",".283",".295",49.8,20.8,47.4,"R","3182",22.1,"37.2","92.3","1885","16","21.2","2559","12.7","41.6","1476","12.4"
"Schmidt, Clarke","657376","2023","694",21.5,6.6,"4.64",".334",".320",50.9,22.8,47.1,"R","2712",34.2,"52","92.3","2642","10.1","46.5","2939","13.4","1.5","2124","9"
"Baumann, Mike","657508","2023","273",22.3,12.1,"3.76",".303",".352",49.7,25,48.3,"R","1071",47.5,"51.4","96.4","2232","19.3","46.2","2321","7.8","2.4","2021","18.9"
"Bernardino, Brennan","657514","2023","216",26.9,8.3,"3.20",".313",".311",53.8,24.7,40.7,"L","864",19.6,"55.9","90.8","2095","16.4","42.7","2616","17.1","1.4","1670","16"
"Ferguson, Caleb","657571","2023","270",25.9,8.5,"3.43",".321",".303",53.1,26.1,49.2,"L","1065",41.2,"97.2","92.9","2454","13.3","2.8","2928","17.7",,,
"Hill, Tim","657612","2023","202",12.9,6.9,"5.48",".390",".342",53.3,15,50.1,"L","716",-17.1,"94.7","89.5","2137","17.2","5.3","1985","5.6",,,
"Ryan, Joe","657746","2023","672",29.3,5.1,"4.51",".316",".291",53.8,26.8,55.1,"R","2683",27.4,"56.9","92.3","2216","18","15.9","2480","12.1","27.2","1439","12.8"
"Seabold, Connor","657756","2023","408",16.4,6.9,"7.52",".393",".345",53.3,21.5,50.3,"R","1562",30.8,"54.4","92.6","2096","16.3","32.3","2414","4.6","13.3","1895","13.7"
"Avila, Pedro","658648","2023","220",24.5,11.4,"3.22",".304",".310",46.4,28.9,45.7,"R","895",41.9,"53.4","93.8","2253","16","21","2691","17.2","25.6","1645","4.9"
"Fujinami, Shintaro","660261","2023","357",23.2,12.6,"7.18",".332",".335",49.2,30.1,45.4,"R","1404",35.3,"72.8","96.1","2019","14.7","7.4","2159","10.6","19.8","1181","11.4"
"Ohtani, Shohei","660271","2023","531",31.5,10.4,"3.14",".277",".302",52,30.8,46.7,"R","2094",35.6,"54.7","94.2","2266","12.8","39.1","2494","16.8","6.3","1279","9.8"
"Graterol, Brusdar","660813","2023","257",18.7,4.7,"1.20",".245",".272",54.8,16.6,50.7,"R","929",37.3,"75.7","97.7","2061","16","24.3","2546","5.8",,,
"De Los Santos, Enyel","660853","2023","262",23.7,9.5,"3.29",".282",".315",50.5,27.4,49.7,"R","1048",25,"60.5","95.6","2266","17.5","30.4","2187","2.9","9.1","1895","18.6"
"Martinez, Adrián","661309","2023","241",19.5,7.9,"4.75",".341",".352",45.8,23.1,45.5,"R","943",20.6,"59.2","93.8","2109","19","17.4","1950","3.4","23.4","2287","14.7"
"Duran, Jhoan","661395","2023","255",32.9,9.8,"2.45",".271",".251",49.8,35.4,51.4,"R","1017",38.6,"45.1","101.8","2097","17.5","27.7","2697","9.8","27.1","1716","12.7"
"Clase, Emmanuel","661403","2023","302",21.2,5.3,"3.22",".265",".271",55.4,27.4,53.4,"R","1120",53.1,"68","99.1","2637","10.7","32","2586","8.8",,,
"Muñoz, Andrés","662253","2023","211",31.8,10.4,"2.94",".279",".268",48.8,39.4,48,"R","836",20.7,"51.4","98.9","2210","17.2","48.6","2259","6.9",,,
"Feltner, Ryan","663372","2023","201",18.9,13.9,"5.82",".331",".330",53,21.5,44.3,"R","776",40.3,"45.1","94.6","2272","15.9","40.2","2411","8.1","14.7","1590","8.5"
"McClanahan, Shane","663556","2023","469",25.8,8.7,"3.29",".295",".312",51.8,33.5,51.2,"L","1821",43.2,"41.9","96.8","2242","20.3","32.3","2401","7.6","25.8","1604","17.8"
"Falter, Bailey","663559","2023","347",17.3,5.8,"5.36",".354",".339",54.1,18.3,50.6,"L","1296",56.7,"51.6","90.7","2002","18.3","41.4","1966","8.8","6.9","1478","16.6"
"Lambert, Peter","663567","2023","375",18.9,7.5,"5.36",".367",".354",49.3,21.6,47.5,"R","1450",49.9,"44.6","93.2","2213","17.8","35.4","2342","10.2","20","1507","13.3"
"Irvin, Jake","663623","2023","530",18.7,10.2,"4.61",".335",".344",50.9,17.9,43.7,"R","2147",31.8,"64.3","94.2","2307","18.5","30.6","2407","13.8","5.1","2217","17.5"
"Harris, Hogan","663687","2023","284",19.7,9.9,"7.14",".352",".345",57.3,23.1,46,"L","1109",49.1,"65.8","92","2250","17.4","13.9","2482","15.8","20.3","1965","18.9"
"Lynch IV, Daniel","663738","2023","223",15.2,7.2,"4.64",".312",".340",47.9,24.6,48.8,"L","808",44.3,"44.8","92.6","2145","17.2","27.2","2195","7.1","28","1632","15.2"
"Woodford, Jake","663765","2023","222",13.1,9.9,"6.23",".404",".394",49.7,15.8,41.7,"R","909",35,"62.6","91.9","2082","14.3","33.3","2516","14.5","4.1","1309","13.8"
"Hoeing, Bryan","663773","2023","304",17.4,8.2,"5.48",".347",".350",46.4,21.9,43.8,"R","1124",34.4,"61.5","94.1","2028","18.7","31.8","2260","5.8","6.8","1298","15"
"Sandoval, Patrick","663776","2023","652",19.6,11.3,"4.11",".318",".332",47.7,27.7,46.6,"L","2620",54.9,"36.6","93.1","1960","18","37.6","2539","10.4","25.8","1780","17.8"
"Hicks, Jordan","663855","2023","285",28.4,11.2,"3.29",".296",".282",49,28.2,41.4,"R","1113",39.7,"75","100.1","2148","17.9","23.4","2559","11.6","1.6","980","10.3"
"Singer, Brady","663903","2023","702",18.9,7,"5.52",".346",".339",50.6,22.7,45.6,"R","2612",30.1,"51.1","92.1","2280","16.3","42.6","2376","4.5","6.3","1849","17"
"Beck, Tristan","663941","2023","354",19.2,5.9,"3.92",".298",".298",51.2,23.6,49.2,"R","1298",45.3,"36.7","94.7","2104","18.6","62.9","2485","12.3","0.4","1589","17.3"
"Holton, Tyler","663947","2023","324",22.8,5.6,"2.11",".234",".290",52.3,26.8,49.3,"L","1195",46.3,"59.7","90.3","2195","14.7","17.8","2579","13.8","22.5","1636","15.8"
"Stephan, Trevor","663986","2023","294",25.5,8.8,"4.06",".311",".326",46.5,30.6,49.9,"R","1127",37.6,"47.7","94.9","2528","17.3","24.1","2619","10","28.1","1288","11.7"
"Gonsolin, Tony","664062","2023","435",18.9,9.2,"4.98",".312",".366",46.5,21.5,49.4,"R","1664",40.8,"39.5","92.4","2216","19.5","33.4","2519","9.4","27.2","1482","14.1"
"Gibaut, Ian","664139","2023","318",21.7,8.8,"3.33",".298",".299",52.8,25.5,51.7,"R","1214",44.8,"71.1","93.8","2271","15.4","20.8","2497","15.3","8.1","1925","17.2"
"Clarke, Taylor","664199","2023","266",24.4,9,"5.95",".376",".344",47.2,27.7,50.3,"R","1068",53.4,"29","94.8","2249","18.3","55.6","2290","8.7","15.4","1583","16.6"
"Maton III, Phil","664208","2023","274",27,9.1,"3.00",".284",".274",48.5,32.9,50,"R","1040",30.6,"36.3","88.9","2540","11.5","63.8","2983","20.7",,,
"Valdez, Framber","664285","2023","808",24.8,7.1,"3.45",".287",".320",50.4,26.8,47.2,"L","2950",49,"50.3","94.9","2205","18","34","2789","13.9","15.7","1677","16.5"
"Moreta, Dauri","664294","2023","239",31.8,10,"3.72",".267",".270",49.5,33.6,44.5,"R","962",43.4,"26.4","95.2","2318","20","64.8","1991","8.7","8.8","1731","18.6"
"Javier, Cristian","664299","2023","687",23.1,9,"4.56",".317",".323",46.7,27.1,48,"R","2882",38.5,"58.4","92.7","2255","19.6","37.5","2629","14.9","4.1","2398","17.8"
"Urquidy, José","664353","2023","275",16.4,9.1,"5.29",".340",".332",46.6,25,51.4,"R","1096",52.4,"48.1","93.2","2230","21","30.3","2667","15.1","21.6","2100","20.6"
"Díaz, Alexis","664747","2023","286",30.1,12.6,"3.07",".279",".286",44.5,34.8,47,"R","1162",11.8,"48.5","94.5","2547","16.5","51.5","2646","5.2",,,
"Lawrence, Justin","664875","2023","326",23.9,11,"3.72",".303",".299",51.6,24.1,41.7,"R","1183",-4.7,"51.3","95.4","2309","15.5","48.7","2975","15.5",,,
"Kremer, Dean","665152","2023","735",21.4,7.5,"4.12",".317",".339",49.9,24,47.7,"R","2925",37.4,"75.5","92.2","2287","16.3","12.2","2730","14.7","12.3","1716","16.6"
"Medina, Luis","665622","2023","495",21.4,11.5,"5.42",".343",".335",48,24.5,46.1,"R","1945",44.2,"55.8","95.9","2331","18.1","35.5","2293","7.6","8.7","1445","15.8"
"Peguero, Elvis","665625","2023","252",21.4,10.3,"3.38",".280",".301",41.7,31.3,46.5,"R","913",23.5,"49.1","96","1855","16.8","50.9","2497","3.7",,,
"Cabrera, Edward","665795","2023","434",27.2,15.2,"4.24",".315",".300",41.5,30.9,43.1,"R","1802",44.1,"37.2","96.2","2284","18.7","31.5","2564","10.7","31.4","1700","18.5"
"Assad, Javier","665871","2023","449",20.9,9.1,"3.05",".303",".330",47.8,20.8,42.9,"R","1710",52.6,"77.4","91.5","2013","14.3","18.5","2338","13.6","4","1430","16"
"Garrett, Braxton","666129","2023","659",23.7,4.4,"3.66",".307",".328",50,25.4,47.2,"L","2479",43.2,"56.9","89.6","2197","13.7","34.2","2200","11.6","8.8","1458","14.7"
"Ragans, Cole","666142","2023","392",28.8,10.5,"3.47",".266",".283",49.1,31,49.4,"L","1586",43,"53.5","95.4","2491","17","22.8","2518","9.9","23.7","2057","19"
"Manning, Matt","666159","2023","316",15.8,6.6,"3.58",".281",".356",56.8,18.8,46.8,"R","1182",44.4,"47.6","93.4","2136","17","48.8","2252","13.9","3.6","1442","14.7"
"Thompson, Mason","666168","2023","240",18.3,9.2,"5.50",".345",".329",50.8,21.6,43.9,"R","895",28.9,"62.9","94.6","2245","18.9","36.9","2305","7.6","0.2","1851","19"
"Luzardo, Jesús","666200","2023","741",28.1,7.4,"3.58",".307",".307",47.4,31.4,48.6,"L","2988",35,"50.2","96.7","2233","19.9","28.9","2320","2.1","21","1968","17.7"
"Manoah, Alek","666201","2023","415",19,14.2,"5.87",".370",".372",46.1,21.8,45.4,"R","1689",37.3,"57.2","92.7","2286","17.9","30","2148","13","12.8","2055","18.9"
"Muller, Kyle","666205","2023","372",15.1,10.5,"7.60",".417",".402",51.5,21.2,48.4,"L","1454",36.1,"51.7","93.5","2410","14.5","40.2","2173","6.5","8.1","1621","14.6"
"Wentz, Joey","666214","2023","492",19.9,9.6,"6.90",".380",".363",50.5,25.5,47.8,"L","1930",40.2,"66.7","90.6","2275","14.8","15.8","2489","14.8","17.5","2107","19.7"
"Soriano, George","666277","2023","228",22.8,10.1,"3.81",".308",".326",48.9,28.8,44.5,"R","883",25.4,"40.5","94.6","2127","14.3","37.9","2738","11.4","21.5","2035","18.4"
"Brash, Matt","666374","2023","308",34.7,9.4,"3.06",".292",".280",45.7,38.3,44.5,"R","1304",30.8,"40.7","97.5","2307","15.7","59.2","2848","13","0.1","2292","22.6"
"Santos, Gregory","666619","2023","289",22.8,5.9,"3.39",".283",".276",51.5,30,49.4,"R","1047",34,"45.9","98.8","2385","13.9","52.6","2524","6.4","1.4","2121","13"
"Brito, Jhony","666745","2023","372",19.4,7.5,"4.28",".318",".327",50,21.7,48.2,"R","1445",49.5,"49.2","95.9","2115","19.3","21.8","2184","10.6","29","1673","17.9"
"Doval, Camilo","666808","2023","281",31,9.3,"2.93",".262",".265",46.9,33.3,47.8,"R","1138",18.4,"63.8","98.9","2463","14.3","36.2","2465","4.7",,,
"Cano, Yennier","666974","2023","283",23,4.6,"2.11",".261",".281",50.9,25.5,50.4,"R","1017",14.5,"58.6","96.3","2123","18.1","13.7","2445","6.9","27.7","1808","18.3"
"Erceg, Lucas","668674","2023","251",27.1,14.3,"4.75",".328",".297",46.1,28.4,41.5,"R","1053",46.4,"63.2","97.5","1976","17.3","14.7","1960","2.7","22.1","1922","18.4"
"Gallen, Zac","668678","2023","846",26,5.6,"3.47",".289",".314",48.8,26.4,47.2,"R","3248",42.7,"58.9","93","2303","16.2","27.1","2457","10.7","13.9","1517","13.6"
"Thompson, Zack","668868","2023","287",25.1,8.7,"4.48",".329",".328",49.9,23.9,43.8,"L","1168",55.6,"53.7","93.6","1804","16.7","44.3","2505","14.4","2.1","1447","15.3"
"Greene, Hunter","668881","2023","498",30.5,9.6,"4.82",".349",".302",48.5,30.7,49.2,"R","2087",29.1,"54.4","98.3","2343","19.4","40.3","2341","6.1","5.3","1966","15.8"
"Williams, Gavin","668909","2023","345",23.5,10.7,"3.29",".299",".316",50.4,27.8,47.5,"R","1385",39.8,"55.4","95.7","2218","18.9","39.1","2266","11","5.6","1893","18.3"
"Ashcraft, Graham","668933","2023","624",17.8,8.3,"4.76",".339",".340",51.3,22.3,48.2,"R","2323",48.8,"62.6","95.9","2418","8.2","37.4","2832","13.5","0","2074","11.5"
"Gore, MacKenzie","669022","2023","582",25.9,9.8,"4.42",".339",".347",47.9,27.9,48.5,"L","2462",50.4,"59.5","95","2286","18.1","37.6","2144","7.1","2.9","2175","18"
"Wilson, Bryse","669060","2023","314",19.4,7,"2.58",".281",".307",50.5,18.5,48.7,"R","1156",43.2,"85.8","91.6","2121","14.6","13.4","2480","17.6","0.8","1466","16.5"
"Nelson, Ryne","669194","2023","619",15.5,7.4,"5.31",".357",".349",54.4,20.3,49.8,"R","2355",48.8,"68.1","92.6","2233","16","18.6","2429","13.2","13.3","1713","16.5"
"Burnes, Corbin","669203","2023","784",25.5,8.4,"3.39",".266",".285",45.6,28.8,46.3,"R","3079",43.3,"63.1","94.5","2635","12.4","25.7","2821","14.5","11.2","2049","15.8"
"Morgan, Eli","669212","2023","299",25.1,8,"4.01",".322",".307",47.5,28.2,51.7,"R","1190",49.6,"40.4","92.5","2272","20","27.9","2220","5.6","31.7","2039","17.2"
"Gilbert, Logan","669302","2023","770",24.5,4.7,"3.73",".290",".297",53.6,26.4,52.2,"R","2922",52.3,"42.1","95.7","2000","18.2","43.1","2107","6.1","14.8","906","9.1"
"Wells, Tyler","669330","2023","470",24.9,7.2,"3.64",".286",".307",48.3,26.4,47.2,"R","1903",50.5,"57.3","91.2","2435","17.3","24.2","2524","9.9","18.5","2252","20.5"
"Skubal, Tarik","669373","2023","310",32.9,4.5,"2.80",".238",".236",54.2,31.3,53,"L","1218",47.4,"48.1","95.8","2159","17.8","27.5","2136","7.8","24.4","1561","14.2"
"Englert, Mason","669438","2023","253",16.2,6.7,"5.46",".368",".383",51.5,23.6,51.3,"R","958",31.5,"30.3","91.1","2166","19.2","43","2208","4.9","26.7","1990","14.2"
"Bieber, Shane","669456","2023","533",20.1,6.4,"3.80",".307",".336",48.3,24.3,46.1,"R","1954",42.9,"62.1","89.2","2341","14.5","34.4","2415","8.7","3.5","1660","16.3"
"Nelson, Kyle","669459","2023","239",28,5.9,"4.18",".339",".299",49.8,31,52.5,"L","878",42.6,"40.8","91.2","2282","14.9","59.2","2687","5.7",,,
"Liberatore, Matthew","669461","2023","275",16.7,9.1,"5.25",".341",".368",49.4,18.7,44.9,"L","1059",46.4,"56.8","94.2","2121","18.2","35.1","2794","15.4","8.1","1653","16.5"
"Pallante, Andre","669467","2023","302",14.2,9.9,"4.76",".341",".313",51,18.2,45.3,"R","1139",53.1,"69.1","96.1","2232","9.8","30.9","2623","12.3",,,
"Murphy, Chris","669684","2023","212",23.1,8,"4.91",".321",".295",46.9,22.6,47.8,"L","870",43.7,"38.7","93.9","2277","16.7","54.9","2357","13.2","6.3","1734","16.6"
"Wesneski, Hayden","669713","2023","379",21.9,8.4,"4.63",".330",".348",50.6,22.7,44.6,"R","1479",39,"58.5","92.9","2162","13.7","36.6","2602","17.6","4.9","1585","15.3"
"Hernandez, Jose E.","669796","2023","223",27.8,9.9,"4.97",".329",".314",49.4,29.3,45.6,"L","861",52.1,"33.2","94.6","2063","18.8","55.9","2099","2.4","10.9","1551","16.9"
"Blanco, Ronel","669854","2023","226",23,12.4,"4.50",".352",".345",46.5,33,51.2,"R","905",46,"40.2","94.5","2267","20.4","50.8","2151","8.9","9","1431","15.5"
"Kirby, George","669923","2023","757",22.7,2.5,"3.35",".284",".305",56.8,22.9,54.5,"R","2825",35.7,"60.9","96","2216","18","31.2","2334","13.3","7.9","965","12.4"
"Scholtens, Jesse","669947","2023","377",15.4,8,"5.29",".349",".339",46.2,20.8,45.2,"R","1447",50.8,"43.5","92.8","2058","17","53.1","2290","9.4","3.5","1356","11.5"
"Holderman, Colin","670059","2023","240",24.2,8.3,"3.86",".299",".294",50.5,23.2,47.7,"R","930",30.9,"70.4","96.3","2273","14.5","29.6","2499","13.6",,,
"Schreiber, John","670167","2023","204",26,12.3,"3.86",".324",".313",48.8,24.5,44.2,"R","822",8.1,"54.4","93","2216","13.7","37.5","2614","16","8.2","1657","15"
"Winckowski, Josh","670174","2023","367",22.3,8.4,"2.88",".319",".302",49.4,26.2,49.4,"R","1383",52.5,"74.5","93.1","2126","12.2","19.6","2299","7.5","5.9","1675","17.1"
"Bednar, David","670280","2023","277",28.9,7.6,"2.00",".259",".261",47.9,32.8,54.1,"R","1105",38.3,"58","96.6","2452","19.7","25.4","2449","11.9","16.6","1602","8.7"
"Oviedo, Johan","670912","2023","781",20.2,10.6,"4.31",".319",".329",48.4,26,46.5,"R","2980",30.2,"44.2","95.8","2272","14.7","51.6","2446","6.9","4.1","1817","17.3"
"Richards, Trevor","670950","2023","315",33.3,11.1,"4.95",".318",".292",39.2,37,47.6,"R","1352",50.9,"43.4","92.8","2271","21.6",,,,"56.6","2572","16.1"
"Abbott, Andrew","671096","2023","459",26.1,9.6,"3.87",".320",".306",49.3,25.6,46.8,"L","1896",46,"50.1","92.7","2207","18.1","33.6","2722","11.8","16.4","2066","18.2"
"Allen, Logan","671106","2023","537",22.2,8.9,"3.81",".326",".323",48.5,24,47.7,"L","2134",43.5,"54","90.6","2162","15.4","24.7","2263","14.7","21.3","894","4.7"
"Foley, Jason","671345","2023","276",19.9,5.4,"2.61",".275",".299",50.1,17.9,48.4,"R","1047",31.4,"69.1","97.2","2023","18.4","17.4","2223","4.6","13.5","1632","15.8"
"Bradley, Taj","671737","2023","460",28,8.5,"5.59",".344",".325",52.7,25,50.7,"R","1821",55.8,"69.7","93.5","2314","15.3","16.7","2409","17.9","13.6","1433","12.3"
"Detmers, Reid","672282","2023","644",26.1,9.3,"4.48",".321",".327",51,27.1,48.8,"L","2599",38.8,"43.2","94.3","2095","19.4","51.4","2215","10.4","5.4","1493","15.2"
"Pérez, Cionel","672335","2023","247",17.8,10.9,"3.54",".311",".301",50.1,20,46.2,"L","877",37.5,"63.5","96.5","2186","16.9","36.5","2604","14.2",,,
"Hernández, Carlos","672578","2023","301",25.6,10.6,"5.27",".319",".332",49.1,30.4,51.8,"R","1251",41.5,"56","99.1","2437","19.7","32.9","2155","4.9","11.1","1339","14.2"
"Contreras, Roansy","672710","2023","302",18.2,10.6,"6.59",".357",".355",46.8,26.5,47,"R","1141",50,"40.2","94.3","2353","17.4","55.9","2568","8.8","3.9","2040","18.8"
"Adon, Joan","672851","2023","240",20,10,"6.45",".361",".358",47.8,21.8,47.6,"R","924",35.2,"53.1","94.5","2213","17.1","31.7","2318","9.2","15.2","2022","16.7"
"Senga, Kodai","673540","2023","694",29.1,11.1,"2.98",".282",".304",45,29.7,45.2,"R","2795",47.6,"62","93.7","2369","15.1","14.3","2524","9.3","23.8","1118","8.7"
"Bradford, Cody","674003","2023","234",21.8,5.1,"5.30",".333",".323",53.2,22.1,48.9,"L","974",54.6,"67.9","89.6","2103","17.6","4.4","2037","6.8","27.7","1901","19.4"
"Henry, Tommy","674072","2023","381",16.8,9.2,"4.15",".324",".319",48.2,22.3,48.7,"L","1391",42.3,"49","90.7","2143","16","31.8","2242","11.5","19.3","1468","13.9"
"Bido, Osvaldo","674370","2023","236",20.3,8.9,"5.86",".326",".332",49.4,22.7,45,"R","940",36.9,"53.8","94.3","2295","18.1","36.3","2157","8.8","9.9","2113","18.9"
"Curry, Xzavion","675540","2023","404",16.6,7.4,"4.07",".326",".339",53.5,20.8,48.9,"R","1494",61.8,"48.4","92.5","2102","18.7","47.7","2442","8.9","3.9","1417","15"
"Grove, Michael","675627","2023","302",24.2,6.3,"6.13",".363",".341",51,27.2,49.5,"R","1146",51.4,"44.4","93.8","2244","16.1","55.2","2380","7.9","0.3","1490","17.7"
"Strider, Spencer","675911","2023","763",36.8,7.6,"3.86",".279",".273",51.4,38.6,53,"R","3099",47.6,"58.9","97.2","2362","19.5","33.8","2345","6.3","7.3","2257","19.2"
"Walker, Ryan","676254","2023","263",29.7,9.1,"3.23",".328",".272",48.2,32,45.5,"R","1078",19.1,"49.6","94.8","2230","14.9","50.4","2544","15",,,
"Miller, Bobby","676272","2023","505",23.6,6.3,"3.76",".283",".286",49.9,26.8,48.2,"R","1961",46.8,"48.1","98.9","2324","19.2","35.9","2669","11.7","16","2290","19.6"
"Bibee, Tanner","676440","2023","585",24.1,7.7,"2.98",".285",".297",49.4,26.3,47.2,"R","2326",59.4,"74.1","91.2","2481","14.9","9.3","2720","15.8","16.6","2048","19"
"Whitlock, Garrett","676477","2023","304",23.7,4.3,"5.15",".350",".329",52.3,28.3,51.2,"R","1195",36.3,"52.9","94","2074","20.1","23","2115","10.4","24.1","2129","17.7"
"Fleming, Josh","676596","2023","221",11.3,8.6,"4.70",".342",".352",46.4,18.2,46.4,"L","759",25.5,"48.9","90.4","1755","17.2","22.1","2265","14.9","29","1663","14.5"
"Sears, JP","676664","2023","735",21.9,7.2,"4.54",".335",".330",51.2,24.8,51,"L","2867",23,"50.3","93.1","2135","18.5","34.6","2472","10.4","15.2","1717","17.1"
"Cosgrove, Tom","676680","2023","205",21.5,9.3,"1.75",".238",".254",54.1,24.9,46.1,"L","837",13.2,"47.4","91.5","2252","14.5","52.2","2672","20.2","0.4","1579","14.5"
"Crawford, Kutter","676710","2023","527",25.6,6.8,"4.04",".290",".280",49.8,26.8,52.4,"R","2099",48.1,"67.4","91.5","2461","16.7","25","2259","13.1","7.7","1029","11.6"
"Marinaccio, Ron","676760","2023","205",27.3,13.2,"3.99",".315",".321",43.2,28.2,46.8,"R","893",34.8,"51.6","93.8","2269","20.7","11.2","2347","12.7","37.2","1965","16.7"
"Nardi, Andrew","677053","2023","237",30.8,8.9,"2.67",".289",".259",49.4,28.7,50.6,"L","958",48.9,"61.3","94.6","2276","17.3","37.8","2402","15.1","0.9","1774","19"
"Weathers, Ryan","677960","2023","257",16.7,11.3,"6.55",".393",".331",50.5,23.6,43.9,"L","1073",38.5,"56.1","95.1","2208","19","20.3","2390","14","23.6","1664","16"
"Bello, Brayan","678394","2023","668",19.8,6.7,"4.24",".334",".314",47.8,24.4,48.4,"R","2618",29.6,"58.5","95","2017","17.3","17.6","2278","7.5","23.9","1771","16.9"
"Marsh, Alec","679525","2023","342",24.9,11.4,"5.69",".381",".367",46.6,29.6,45.5,"R","1342",36.6,"44.4","94.2","2446","17.8","40.7","2467","9.6","14.9","1736","15.3"
"Rodriguez, Grayson","680570","2023","515",25,8.2,"4.35",".320",".316",51.5,26.3,50.4,"R","2104",42.3,"54.8","96.7","2265","18.8","22.9","2486","13.7","22.4","1851","13"
"Gray, Josiah","680686","2023","698",20.5,11.5,"3.91",".332",".342",45.2,26.2,46.4,"R","2812",33.8,"52","91.8","2083","15.9","46.4","2122","6.3","1.6","1617","16.1"
"Bradish, Kyle","680694","2023","671",25,6.6,"2.83",".268",".300",49.5,26,45.8,"R","2638",53.7,"43.9","94.6","2289","14.6","48.6","2637","13.3","7.5","1376","14.7"
"Sandlin, Nick","680704","2023","239",27.6,10,"3.75",".284",".306",48.7,32,46.5,"R","1007",5.6,"46","92.2","2251","16.5","49.7","2601","12.4","4.4","1515","12.3"
"Silseth, Chase","681217","2023","221",25.3,11.8,"3.96",".313",".318",47.6,27.9,44,"R","888",40.2,"58.2","94.2","2396","15.6","25.1","2769","15.4","16.7","1132","7.2"
"Olson, Reese","681857","2023","422",24.4,7.8,"3.99",".283",".333",47.3,27.4,46.3,"R","1743",37.7,"48.4","94.8","2222","18","36.4","2959","10.4","15.1","2089","13.7"
"Vesia, Alex","681911","2023","217",29.5,7.8,"4.35",".318",".296",50.9,30.3,50.8,"L","853",53.8,"68.1","94.4","2361","20.4","30.5","2467","8.3","1.4","1647","16.8"
"Williamson, Brandon","682227","2023","491",20,7.9,"4.46",".321",".334",50.9,22.1,46.6,"L","1939",45.1,"66.9","91.2","2239","14.5","16.6","2573","16","16.5","1738","15.9"
"Miller, Bryce","682243","2023","537",22.2,4.8,"4.32",".309",".337",53.8,24.3,52.8,"R","2094",46,"66.1","95.1","2575","18.8","28.3","2345","7.7","5.6","2054","17.9"
"Ortiz, Luis","682847","2023","400",14.8,12,"4.78",".356",".390",45.9,22.6,45.5,"R","1461",31.4,"53.6","95.9","2241","17.3","32.7","2429","5.8","13.7","1626","16.8"
"Priester, Quinn","682990","2023","234",15.4,11.5,"7.74",".394",".376",49.1,23.3,44.6,"R","866",48,"53","93.3","2242","13.9","36.4","2539","8.1","10.6","1525","15.1"
"Sheehan, Emmet","686218","2023","248",25.8,10.5,"4.92",".307",".290",48.6,29.6,51.5,"R","1031",29.9,"60","95.4","2290","19.3","22.8","2245","7.4","17.2","2014","17.5"
"Waldichuk, Ken","686610","2023","639",20.7,11.1,"5.36",".361",".331",48,25.1,47.5,"L","2553",34.4,"54.3","93.3","2300","18.4","29.1","2083","13.7","16.6","1619","16.9"
"Brown, Hunter","686613","2023","665",26.8,8.3,"5.09",".340",".318",49.9,24.8,46.4,"R","2720",56.6,"69.8","94.4","2210","14.4","25.4","2462","15.3","4.8","1432","16.1"
"Varland, Louie","686973","2023","283",25.1,6,"4.63",".335",".328",55.3,25.9,53.8,"R","1091",36.2,"75.5","92.8","2280","13.8","13.2","2453","10.7","11.3","1546","16"
"Kelly, Kevin","687330","2023","276",20.3,5.4,"3.09",".264",".282",51.8,22.2,44.7,"R","1066",4.3,"59.1","90","2183","16.3","40.9","2506","21.4",,,
"Pérez, Eury","691587","2023","374",28.9,8.3,"3.15",".303",".294",46.7,33.7,49.9,"R","1534",32,"45.4","97.5","2635","20.3","44.8","2394","5.8","9.8","1766","17.7"
"Woo, Bryan","693433","2023","371",25.1,8.4,"4.21",".305",".288",52.4,28.1,50.9,"R","1448",26.9,"72.4","95.1","2174","17.2","24","2230","9.4","3.7","1704","14.9"
"Elder, Bryce","693821","2023","732",17.5,8.6,"3.81",".309",".329",46.1,23.6,46.3,"R","2849",52.9,"51","89.8","2010","15.8","35.3","2414","3","13.7","2070","11.9"
"Pfaadt, Brandon","694297","2023","421",22.3,6.2,"5.72",".362",".325",53.1,25,49.3,"R","1610",29.4,"55.3","93.5","2441","16.9","32.5","2681","13.9","12.2","1955","16.2"
"Shuster, Jared","694363","2023","230",13,11.3,"5.81",".341",".354",48.7,21.6,45.6,"L","864",44.7,"44.1","91.4","2123","17.2","32.9","2200","6.4","23","1513","14.4"